,Generations,Evaluations,BestEver,Best,Median,Worst
0,1,5,-475.05182529327334,-475.05182529327334,-961.0380945034456,-1800.5566190133218
1,2,10,-385.2126215878217,-385.2126215878217,-574.5901303547421,-796.1316927562963
